,Season,Round,Circuit,Weather,Rainfall,Driver,Team,Grid_Position,Finishing_Position,Q1,Q2,Q3
0,2024,1,Sakhir,18.22738853503185,0,VER,Red Bull Racing,1.0,1.0,90.031,89.374,89.179
1,2024,1,Sakhir,18.22738853503185,0,PER,Red Bull Racing,5.0,2.0,90.221,89.932,89.537
2,2024,1,Sakhir,18.22738853503185,0,SAI,Ferrari,4.0,3.0,89.90899999999999,89.57300000000001,89.507
3,2024,1,Sakhir,18.22738853503185,0,LEC,Ferrari,2.0,4.0,90.243,89.16499999999999,89.407
4,2024,1,Sakhir,18.22738853503185,0,RUS,Mercedes,3.0,5.0,90.35,89.922,89.485
5,2024,1,Sakhir,18.22738853503185,0,NOR,McLaren,7.0,6.0,90.143,89.941,89.614
6,2024,1,Sakhir,18.22738853503185,0,HAM,Mercedes,9.0,7.0,90.451,89.718,89.71000000000001
7,2024,1,Sakhir,18.22738853503185,0,PIA,McLaren,8.0,8.0,90.531,90.122,89.68299999999999
8,2024,1,Sakhir,18.22738853503185,0,ALO,Aston Martin,6.0,9.0,90.179,89.801,89.542
9,2024,1,Sakhir,18.22738853503185,0,STR,Aston Martin,12.0,10.0,89.965,90.2,1000.0
10,2024,1,Sakhir,18.22738853503185,0,ZHO,Kick Sauber,17.0,11.0,90.757,1000.0,1000.0
11,2024,1,Sakhir,18.22738853503185,0,MAG,Haas F1 Team,15.0,12.0,90.646,90.529,1000.0
12,2024,1,Sakhir,18.22738853503185,0,RIC,RB,14.0,13.0,90.562,90.27799999999999,1000.0
13,2024,1,Sakhir,18.22738853503185,0,TSU,RB,11.0,14.0,90.481,90.129,1000.0
14,2024,1,Sakhir,18.22738853503185,0,ALB,Williams,13.0,15.0,90.39699999999999,90.221,1000.0
15,2024,1,Sakhir,18.22738853503185,0,HUL,Haas F1 Team,10.0,16.0,90.566,89.851,90.502
16,2024,1,Sakhir,18.22738853503185,0,OCO,Alpine,19.0,17.0,90.793,1000.0,1000.0
17,2024,1,Sakhir,18.22738853503185,0,GAS,Alpine,20.0,18.0,90.94800000000001,1000.0,1000.0
18,2024,1,Sakhir,18.22738853503185,0,BOT,Kick Sauber,16.0,19.0,90.756,1000.0,1000.0
19,2024,1,Sakhir,18.22738853503185,0,SAR,Williams,18.0,20.0,90.77,1000.0,1000.0
20,2024,2,Jeddah,25.528082191780825,0,VER,Red Bull Racing,1.0,1.0,88.17099999999999,88.033,87.47200000000001
21,2024,2,Jeddah,25.528082191780825,0,PER,Red Bull Racing,3.0,2.0,88.638,88.467,87.807
22,2024,2,Jeddah,25.528082191780825,0,LEC,Ferrari,2.0,3.0,88.318,88.112,87.791
23,2024,2,Jeddah,25.528082191780825,0,PIA,McLaren,5.0,4.0,88.755,88.343,88.089
24,2024,2,Jeddah,25.528082191780825,0,ALO,Aston Martin,4.0,5.0,88.706,88.122,87.846
25,2024,2,Jeddah,25.528082191780825,0,RUS,Mercedes,7.0,6.0,88.749,88.44800000000001,88.316
26,2024,2,Jeddah,25.528082191780825,0,BEA,Ferrari,11.0,7.0,88.98400000000001,88.642,1000.0
27,2024,2,Jeddah,25.528082191780825,0,NOR,McLaren,6.0,8.0,88.805,88.479,88.132
28,2024,2,Jeddah,25.528082191780825,0,HAM,Mercedes,8.0,9.0,88.994,88.606,88.46000000000001
29,2024,2,Jeddah,25.528082191780825,0,HUL,Haas F1 Team,15.0,10.0,89.055,1000.0,1000.0
30,2024,2,Jeddah,25.528082191780825,0,ALB,Williams,12.0,11.0,89.107,88.98,1000.0
31,2024,2,Jeddah,25.528082191780825,0,MAG,Haas F1 Team,13.0,12.0,89.069,89.02,1000.0
32,2024,2,Jeddah,25.528082191780825,0,OCO,Alpine,17.0,13.0,89.475,1000.0,1000.0
33,2024,2,Jeddah,25.528082191780825,0,SAR,Williams,19.0,14.0,89.526,1000.0,1000.0
34,2024,2,Jeddah,25.528082191780825,0,TSU,RB,9.0,15.0,88.988,88.564,88.547
35,2024,2,Jeddah,25.528082191780825,0,RIC,RB,14.0,16.0,89.065,89.025,1000.0
36,2024,2,Jeddah,25.528082191780825,0,BOT,Kick Sauber,16.0,17.0,89.179,1000.0,1000.0
37,2024,2,Jeddah,25.528082191780825,0,ZHO,Kick Sauber,20.0,18.0,1000.0,1000.0,1000.0
38,2024,2,Jeddah,25.528082191780825,0,STR,Aston Martin,10.0,19.0,88.25,88.578,88.572
39,2024,2,Jeddah,25.528082191780825,0,GAS,Alpine,18.0,20.0,89.479,1000.0,1000.0
40,2024,3,Melbourne,20.62222222222222,0,SAI,Ferrari,2.0,1.0,76.731,76.189,76.185
41,2024,3,Melbourne,20.62222222222222,0,LEC,Ferrari,4.0,2.0,76.98400000000001,76.304,76.435
42,2024,3,Melbourne,20.62222222222222,0,NOR,McLaren,3.0,3.0,77.43,76.75,76.315
43,2024,3,Melbourne,20.62222222222222,0,PIA,McLaren,5.0,4.0,77.369,76.601,76.572
44,2024,3,Melbourne,20.62222222222222,0,PER,Red Bull Racing,6.0,5.0,76.805,76.631,76.274
45,2024,3,Melbourne,20.62222222222222,0,STR,Aston Martin,9.0,6.0,77.376,76.78,77.072
46,2024,3,Melbourne,20.62222222222222,0,TSU,RB,8.0,7.0,77.356,76.791,76.788
47,2024,3,Melbourne,20.62222222222222,0,ALO,Aston Martin,10.0,8.0,76.991,76.71000000000001,77.55199999999999
48,2024,3,Melbourne,20.62222222222222,0,HUL,Haas F1 Team,16.0,9.0,77.976,1000.0,1000.0
49,2024,3,Melbourne,20.62222222222222,0,MAG,Haas F1 Team,14.0,10.0,77.709,77.42699999999999,1000.0
50,2024,3,Melbourne,20.62222222222222,0,ALB,Williams,12.0,11.0,77.13,77.167,1000.0
51,2024,3,Melbourne,20.62222222222222,0,RIC,RB,18.0,12.0,78.08500000000001,1000.0,1000.0
52,2024,3,Melbourne,20.62222222222222,0,GAS,Alpine,17.0,13.0,77.982,1000.0,1000.0
53,2024,3,Melbourne,20.62222222222222,0,BOT,Kick Sauber,13.0,14.0,77.543,77.34,1000.0
54,2024,3,Melbourne,20.62222222222222,0,ZHO,Kick Sauber,19.0,15.0,78.188,1000.0,1000.0
55,2024,3,Melbourne,20.62222222222222,0,OCO,Alpine,15.0,16.0,77.617,77.697,1000.0
56,2024,3,Melbourne,20.62222222222222,0,RUS,Mercedes,7.0,17.0,77.062,76.901,76.724
57,2024,3,Melbourne,20.62222222222222,0,HAM,Mercedes,11.0,18.0,77.499,76.96000000000001,1000.0
58,2024,3,Melbourne,20.62222222222222,0,VER,Red Bull Racing,1.0,19.0,76.819,76.387,75.91499999999999
59,2024,4,Suzuka,21.691160220994476,0,VER,Red Bull Racing,1.0,1.0,88.866,88.74,88.197
60,2024,4,Suzuka,21.691160220994476,0,PER,Red Bull Racing,2.0,2.0,89.303,88.752,88.263
61,2024,4,Suzuka,21.691160220994476,0,SAI,Ferrari,4.0,3.0,89.513,89.099,88.682
62,2024,4,Suzuka,21.691160220994476,0,LEC,Ferrari,8.0,4.0,89.338,89.196,88.786
63,2024,4,Suzuka,21.691160220994476,0,NOR,McLaren,3.0,5.0,89.536,88.94,88.489
64,2024,4,Suzuka,21.691160220994476,0,ALO,Aston Martin,5.0,6.0,89.254,89.082,88.686
65,2024,4,Suzuka,21.691160220994476,0,RUS,Mercedes,9.0,7.0,89.799,89.14,89.008
66,2024,4,Suzuka,21.691160220994476,0,PIA,McLaren,6.0,8.0,89.425,89.148,88.76
67,2024,4,Suzuka,21.691160220994476,0,HAM,Mercedes,7.0,9.0,89.661,88.887,88.76599999999999
68,2024,4,Suzuka,21.691160220994476,0,TSU,RB,10.0,10.0,89.775,89.417,89.413
69,2024,4,Suzuka,21.691160220994476,0,HUL,Haas F1 Team,12.0,11.0,89.821,89.494,1000.0
70,2024,4,Suzuka,21.691160220994476,0,STR,Aston Martin,16.0,12.0,90.024,1000.0,1000.0
71,2024,4,Suzuka,21.691160220994476,0,MAG,Haas F1 Team,18.0,13.0,90.131,1000.0,1000.0
72,2024,4,Suzuka,21.691160220994476,0,BOT,Kick Sauber,13.0,14.0,89.602,89.593,1000.0
73,2024,4,Suzuka,21.691160220994476,0,OCO,Alpine,15.0,15.0,89.811,89.816,1000.0
74,2024,4,Suzuka,21.691160220994476,0,GAS,Alpine,17.0,16.0,90.119,1000.0,1000.0
75,2024,4,Suzuka,21.691160220994476,0,SAR,Williams,19.0,17.0,90.139,1000.0,1000.0
76,2024,4,Suzuka,21.691160220994476,0,ZHO,Kick Sauber,20.0,18.0,90.143,1000.0,1000.0
77,2024,4,Suzuka,21.691160220994476,0,RIC,RB,11.0,19.0,89.727,89.47200000000001,1000.0
78,2024,4,Suzuka,21.691160220994476,0,ALB,Williams,14.0,20.0,89.963,89.714,1000.0
79,2024,5,Shanghai,18.63939393939394,0,VER,Red Bull Racing,1.0,1.0,94.74199999999999,93.794,93.66
80,2024,5,Shanghai,18.63939393939394,0,NOR,McLaren,4.0,2.0,94.842,94.46000000000001,94.16499999999999
81,2024,5,Shanghai,18.63939393939394,0,PER,Red Bull Racing,2.0,3.0,95.457,94.02600000000001,93.982
82,2024,5,Shanghai,18.63939393939394,0,LEC,Ferrari,6.0,4.0,94.797,94.399,94.289
83,2024,5,Shanghai,18.63939393939394,0,SAI,Ferrari,7.0,5.0,94.97,94.368,94.297
84,2024,5,Shanghai,18.63939393939394,0,RUS,Mercedes,8.0,6.0,95.084,94.60900000000001,94.43299999999999
85,2024,5,Shanghai,18.63939393939394,0,ALO,Aston Martin,3.0,7.0,95.116,94.652,94.148
86,2024,5,Shanghai,18.63939393939394,0,PIA,McLaren,5.0,8.0,95.01400000000001,94.65899999999999,94.273
87,2024,5,Shanghai,18.63939393939394,0,HAM,Mercedes,18.0,9.0,95.57300000000001,1000.0,1000.0
88,2024,5,Shanghai,18.63939393939394,0,HUL,Haas F1 Team,9.0,10.0,95.068,94.667,94.604
89,2024,5,Shanghai,18.63939393939394,0,OCO,Alpine,13.0,11.0,95.356,95.223,1000.0
90,2024,5,Shanghai,18.63939393939394,0,ALB,Williams,14.0,12.0,95.384,95.241,1000.0
91,2024,5,Shanghai,18.63939393939394,0,GAS,Alpine,15.0,13.0,95.287,95.463,1000.0
92,2024,5,Shanghai,18.63939393939394,0,ZHO,Kick Sauber,16.0,14.0,95.505,1000.0,1000.0
93,2024,5,Shanghai,18.63939393939394,0,STR,Aston Martin,11.0,15.0,95.334,94.838,1000.0
94,2024,5,Shanghai,18.63939393939394,0,MAG,Haas F1 Team,17.0,16.0,95.51599999999999,1000.0,1000.0
95,2024,5,Shanghai,18.63939393939394,0,SAR,Williams,20.0,17.0,96.358,1000.0,1000.0
96,2024,5,Shanghai,18.63939393939394,0,RIC,RB,12.0,18.0,95.443,94.934,1000.0
97,2024,5,Shanghai,18.63939393939394,0,TSU,RB,19.0,19.0,95.74600000000001,1000.0,1000.0
98,2024,5,Shanghai,18.63939393939394,0,BOT,Kick Sauber,10.0,20.0,95.169,94.769,94.66499999999999
99,2024,6,Miami,28.521999999999995,0,NOR,McLaren,5.0,1.0,87.913,87.871,87.594
100,2024,6,Miami,28.521999999999995,0,VER,Red Bull Racing,1.0,2.0,87.689,87.566,87.241
101,2024,6,Miami,28.521999999999995,0,LEC,Ferrari,2.0,3.0,88.081,87.533,87.382
102,2024,6,Miami,28.521999999999995,0,PER,Red Bull Racing,4.0,4.0,87.77199999999999,87.839,87.46000000000001
103,2024,6,Miami,28.521999999999995,0,SAI,Ferrari,3.0,5.0,87.937,87.941,87.455
104,2024,6,Miami,28.521999999999995,0,HAM,Mercedes,8.0,6.0,88.167,87.697,88.107
105,2024,6,Miami,28.521999999999995,0,TSU,RB,10.0,7.0,88.324,88.167,88.19200000000001
106,2024,6,Miami,28.521999999999995,0,RUS,Mercedes,7.0,8.0,88.15899999999999,88.095,88.06700000000001
107,2024,6,Miami,28.521999999999995,0,ALO,Aston Martin,15.0,9.0,88.453,88.42699999999999,1000.0
108,2024,6,Miami,28.521999999999995,0,OCO,Alpine,13.0,10.0,88.209,88.371,1000.0
109,2024,6,Miami,28.521999999999995,0,HUL,Haas F1 Team,9.0,11.0,88.383,88.2,88.146
110,2024,6,Miami,28.521999999999995,0,GAS,Alpine,12.0,12.0,87.976,88.324,1000.0
111,2024,6,Miami,28.521999999999995,0,PIA,McLaren,6.0,13.0,88.032,87.721,87.675
112,2024,6,Miami,28.521999999999995,0,ZHO,Kick Sauber,19.0,14.0,88.824,1000.0,1000.0
113,2024,6,Miami,28.521999999999995,0,RIC,RB,20.0,15.0,88.617,1000.0,1000.0
114,2024,6,Miami,28.521999999999995,0,BOT,Kick Sauber,16.0,16.0,88.463,1000.0,1000.0
115,2024,6,Miami,28.521999999999995,0,STR,Aston Martin,11.0,17.0,88.17699999999999,88.22200000000001,1000.0
116,2024,6,Miami,28.521999999999995,0,ALB,Williams,14.0,18.0,88.343,88.413,1000.0
117,2024,6,Miami,28.521999999999995,0,MAG,Haas F1 Team,18.0,19.0,88.619,1000.0,1000.0
118,2024,6,Miami,28.521999999999995,0,SAR,Williams,17.0,20.0,88.487,1000.0,1000.0
119,2024,7,Imola,25.113986013986015,0,VER,Red Bull Racing,1.0,1.0,75.762,75.176,74.746
120,2024,7,Imola,25.113986013986015,0,NOR,McLaren,2.0,2.0,75.91499999999999,75.371,74.837
121,2024,7,Imola,25.113986013986015,0,LEC,Ferrari,3.0,3.0,75.82300000000001,75.328,74.97
122,2024,7,Imola,25.113986013986015,0,PIA,McLaren,5.0,4.0,75.94,75.407,74.82
123,2024,7,Imola,25.113986013986015,0,SAI,Ferrari,4.0,5.0,76.015,75.512,75.233
124,2024,7,Imola,25.113986013986015,0,HAM,Mercedes,8.0,6.0,76.604,75.67699999999999,75.504
125,2024,7,Imola,25.113986013986015,0,RUS,Mercedes,6.0,7.0,76.107,75.67099999999999,75.234
126,2024,7,Imola,25.113986013986015,0,PER,Red Bull Racing,11.0,8.0,76.404,75.706,1000.0
127,2024,7,Imola,25.113986013986015,0,STR,Aston Martin,13.0,9.0,76.458,75.992,1000.0
128,2024,7,Imola,25.113986013986015,0,TSU,RB,7.0,10.0,75.894,75.358,75.465
129,2024,7,Imola,25.113986013986015,0,HUL,Haas F1 Team,10.0,11.0,75.841,75.569,75.98
130,2024,7,Imola,25.113986013986015,0,MAG,Haas F1 Team,18.0,12.0,76.854,1000.0,1000.0
131,2024,7,Imola,25.113986013986015,0,RIC,RB,9.0,13.0,76.06,75.691,75.674
132,2024,7,Imola,25.113986013986015,0,OCO,Alpine,12.0,14.0,76.361,75.906,1000.0
133,2024,7,Imola,25.113986013986015,0,ZHO,Kick Sauber,17.0,15.0,76.834,1000.0,1000.0
134,2024,7,Imola,25.113986013986015,0,GAS,Alpine,15.0,16.0,76.015,76.381,1000.0
135,2024,7,Imola,25.113986013986015,0,SAR,Williams,19.0,17.0,1000.0,1000.0,1000.0
136,2024,7,Imola,25.113986013986015,0,BOT,Kick Sauber,16.0,18.0,76.626,1000.0,1000.0
137,2024,7,Imola,25.113986013986015,0,ALO,Aston Martin,20.0,19.0,76.917,1000.0,1000.0
138,2024,7,Imola,25.113986013986015,0,ALB,Williams,14.0,20.0,76.524,76.2,1000.0
139,2024,8,Monaco,21.596499999999995,0,LEC,Ferrari,1.0,1.0,71.584,70.825,70.27
140,2024,8,Monaco,21.596499999999995,0,PIA,McLaren,2.0,2.0,71.5,70.756,70.424
141,2024,8,Monaco,21.596499999999995,0,SAI,Ferrari,3.0,3.0,71.543,71.075,70.518
142,2024,8,Monaco,21.596499999999995,0,NOR,McLaren,4.0,4.0,71.76,70.732,70.542
143,2024,8,Monaco,21.596499999999995,0,RUS,Mercedes,5.0,5.0,71.492,70.929,70.543
144,2024,8,Monaco,21.596499999999995,0,VER,Red Bull Racing,6.0,6.0,71.711,70.745,70.56700000000001
145,2024,8,Monaco,21.596499999999995,0,HAM,Mercedes,7.0,7.0,71.528,71.056,70.621
146,2024,8,Monaco,21.596499999999995,0,TSU,RB,8.0,8.0,71.852,71.106,70.858
147,2024,8,Monaco,21.596499999999995,0,ALB,Williams,9.0,9.0,71.623,71.216,70.94800000000001
148,2024,8,Monaco,21.596499999999995,0,GAS,Alpine,10.0,10.0,71.714,70.896,71.311
149,2024,8,Monaco,21.596499999999995,0,ALO,Aston Martin,14.0,11.0,72.019,1000.0,1000.0
150,2024,8,Monaco,21.596499999999995,0,RIC,RB,12.0,12.0,71.785,71.482,1000.0
151,2024,8,Monaco,21.596499999999995,0,BOT,Kick Sauber,17.0,13.0,72.512,1000.0,1000.0
152,2024,8,Monaco,21.596499999999995,0,STR,Aston Martin,13.0,14.0,71.728,71.563,1000.0
153,2024,8,Monaco,21.596499999999995,0,SAR,Williams,15.0,15.0,72.02,1000.0,1000.0
154,2024,8,Monaco,21.596499999999995,0,ZHO,Kick Sauber,18.0,16.0,73.028,1000.0,1000.0
155,2024,8,Monaco,21.596499999999995,0,OCO,Alpine,11.0,17.0,71.887,71.285,1000.0
156,2024,8,Monaco,21.596499999999995,0,PER,Red Bull Racing,16.0,18.0,72.06,1000.0,1000.0
157,2024,8,Monaco,21.596499999999995,0,HUL,Haas F1 Team,19.0,19.0,71.876,71.44,1000.0
158,2024,8,Monaco,21.596499999999995,0,MAG,Haas F1 Team,20.0,20.0,71.832,71.725,1000.0
159,2024,9,Montréal,17.797345132743363,0,VER,Red Bull Racing,2.0,1.0,72.36,72.549,72.0
160,2024,9,Montréal,17.797345132743363,0,NOR,McLaren,3.0,2.0,72.959,72.201,72.021
161,2024,9,Montréal,17.797345132743363,0,RUS,Mercedes,1.0,3.0,73.013,71.742,72.0
162,2024,9,Montréal,17.797345132743363,0,HAM,Mercedes,7.0,4.0,72.851,71.979,72.28
163,2024,9,Montréal,17.797345132743363,0,PIA,McLaren,4.0,5.0,72.907,72.462,72.103
164,2024,9,Montréal,17.797345132743363,0,ALO,Aston Martin,6.0,6.0,73.117,72.635,72.228
165,2024,9,Montréal,17.797345132743363,0,STR,Aston Martin,9.0,7.0,73.088,72.659,72.701
166,2024,9,Montréal,17.797345132743363,0,RIC,RB,5.0,8.0,73.24,72.572,72.178
167,2024,9,Montréal,17.797345132743363,0,GAS,Alpine,15.0,9.0,73.289,72.94,1000.0
168,2024,9,Montréal,17.797345132743363,0,OCO,Alpine,18.0,10.0,73.435,1000.0,1000.0
169,2024,9,Montréal,17.797345132743363,0,HUL,Haas F1 Team,17.0,11.0,73.978,1000.0,1000.0
170,2024,9,Montréal,17.797345132743363,0,MAG,Haas F1 Team,14.0,12.0,73.217,72.916,1000.0
171,2024,9,Montréal,17.797345132743363,0,BOT,Kick Sauber,0.0,13.0,73.366,1000.0,1000.0
172,2024,9,Montréal,17.797345132743363,0,TSU,RB,8.0,14.0,72.748,72.303,72.414
173,2024,9,Montréal,17.797345132743363,0,ZHO,Kick Sauber,0.0,15.0,74.292,1000.0,1000.0
174,2024,9,Montréal,17.797345132743363,0,SAI,Ferrari,12.0,16.0,73.038,72.728,1000.0
175,2024,9,Montréal,17.797345132743363,0,ALB,Williams,10.0,17.0,72.896,72.485,72.79599999999999
176,2024,9,Montréal,17.797345132743363,0,PER,Red Bull Racing,16.0,18.0,73.326,1000.0,1000.0
177,2024,9,Montréal,17.797345132743363,0,LEC,Ferrari,11.0,19.0,73.107,72.691,1000.0
178,2024,9,Montréal,17.797345132743363,0,SAR,Williams,13.0,20.0,73.063,72.736,1000.0
179,2024,10,Barcelona,24.132467532467533,0,VER,Red Bull Racing,2.0,1.0,72.306,71.653,71.403
180,2024,10,Barcelona,24.132467532467533,0,NOR,McLaren,1.0,2.0,72.386,71.872,71.383
181,2024,10,Barcelona,24.132467532467533,0,HAM,Mercedes,3.0,3.0,72.143,71.792,71.701
182,2024,10,Barcelona,24.132467532467533,0,RUS,Mercedes,4.0,4.0,72.456,71.812,71.703
183,2024,10,Barcelona,24.132467532467533,0,LEC,Ferrari,5.0,5.0,72.257,72.038,71.731
184,2024,10,Barcelona,24.132467532467533,0,SAI,Ferrari,6.0,6.0,72.403,71.874,71.736
185,2024,10,Barcelona,24.132467532467533,0,PIA,McLaren,9.0,7.0,72.46000000000001,72.011,1000.0
186,2024,10,Barcelona,24.132467532467533,0,PER,Red Bull Racing,11.0,8.0,72.477,72.054,72.061
187,2024,10,Barcelona,24.132467532467533,0,GAS,Alpine,7.0,9.0,72.651,72.07900000000001,71.857
188,2024,10,Barcelona,24.132467532467533,0,OCO,Alpine,8.0,10.0,72.691,72.109,72.125
189,2024,10,Barcelona,24.132467532467533,0,HUL,Haas F1 Team,13.0,11.0,72.708,72.31,1000.0
190,2024,10,Barcelona,24.132467532467533,0,ALO,Aston Martin,10.0,12.0,72.505,72.128,1000.0
191,2024,10,Barcelona,24.132467532467533,0,ZHO,Kick Sauber,15.0,13.0,72.88,72.738,1000.0
192,2024,10,Barcelona,24.132467532467533,0,STR,Aston Martin,14.0,14.0,72.881,72.372,1000.0
193,2024,10,Barcelona,24.132467532467533,0,RIC,RB,18.0,15.0,73.075,1000.0,1000.0
194,2024,10,Barcelona,24.132467532467533,0,BOT,Kick Sauber,12.0,16.0,72.758,72.227,1000.0
195,2024,10,Barcelona,24.132467532467533,0,MAG,Haas F1 Team,16.0,17.0,72.937,1000.0,1000.0
196,2024,10,Barcelona,24.132467532467533,0,ALB,Williams,0.0,18.0,73.153,1000.0,1000.0
197,2024,10,Barcelona,24.132467532467533,0,TSU,RB,17.0,19.0,72.985,1000.0,1000.0
198,2024,10,Barcelona,24.132467532467533,0,SAR,Williams,19.0,20.0,73.509,1000.0,1000.0
199,2024,11,Spielberg,29.42587412587413,0,RUS,Mercedes,3.0,1.0,65.585,65.016,64.84
200,2024,11,Spielberg,29.42587412587413,0,PIA,McLaren,7.0,2.0,65.311,65.07,65.048
201,2024,11,Spielberg,29.42587412587413,0,SAI,Ferrari,4.0,3.0,65.263,65.016,64.851
202,2024,11,Spielberg,29.42587412587413,0,HAM,Mercedes,5.0,4.0,65.541,65.053,64.903
203,2024,11,Spielberg,29.42587412587413,0,VER,Red Bull Racing,1.0,5.0,65.336,64.469,64.314
204,2024,11,Spielberg,29.42587412587413,0,HUL,Haas F1 Team,9.0,6.0,65.596,65.262,65.385
205,2024,11,Spielberg,29.42587412587413,0,PER,Red Bull Racing,8.0,7.0,65.587,65.144,65.202
206,2024,11,Spielberg,29.42587412587413,0,MAG,Haas F1 Team,12.0,8.0,65.508,65.347,1000.0
207,2024,11,Spielberg,29.42587412587413,0,RIC,RB,11.0,9.0,65.569,65.289,1000.0
208,2024,11,Spielberg,29.42587412587413,0,GAS,Alpine,13.0,10.0,65.598,65.359,1000.0
209,2024,11,Spielberg,29.42587412587413,0,LEC,Ferrari,6.0,11.0,65.509,65.104,65.044
210,2024,11,Spielberg,29.42587412587413,0,OCO,Alpine,10.0,12.0,65.574,65.274,65.883
211,2024,11,Spielberg,29.42587412587413,0,STR,Aston Martin,17.0,13.0,65.819,1000.0,1000.0
212,2024,11,Spielberg,29.42587412587413,0,TSU,RB,14.0,14.0,65.563,65.412,1000.0
213,2024,11,Spielberg,29.42587412587413,0,ALB,Williams,16.0,15.0,65.736,1000.0,1000.0
214,2024,11,Spielberg,29.42587412587413,0,BOT,Kick Sauber,18.0,16.0,65.847,1000.0,1000.0
215,2024,11,Spielberg,29.42587412587413,0,ZHO,Kick Sauber,20.0,17.0,66.061,1000.0,1000.0
216,2024,11,Spielberg,29.42587412587413,0,ALO,Aston Martin,15.0,18.0,65.656,65.639,1000.0
217,2024,11,Spielberg,29.42587412587413,0,SAR,Williams,19.0,19.0,65.856,1000.0,1000.0
218,2024,11,Spielberg,29.42587412587413,0,NOR,McLaren,2.0,20.0,65.45,65.103,64.718
219,2024,12,Silverstone,15.77074829931973,0,HAM,Mercedes,2.0,1.0,89.547,86.77,85.99
220,2024,12,Silverstone,15.77074829931973,0,VER,Red Bull Racing,4.0,2.0,91.342,86.79599999999999,86.203
221,2024,12,Silverstone,15.77074829931973,0,NOR,McLaren,3.0,3.0,91.596,86.559,86.03
222,2024,12,Silverstone,15.77074829931973,0,PIA,McLaren,5.0,4.0,90.895,86.733,86.237
223,2024,12,Silverstone,15.77074829931973,0,SAI,Ferrari,7.0,5.0,90.557,86.843,86.509
224,2024,12,Silverstone,15.77074829931973,0,HUL,Haas F1 Team,6.0,6.0,91.929,86.84700000000001,86.338
225,2024,12,Silverstone,15.77074829931973,0,STR,Aston Martin,8.0,7.0,91.41,86.938,86.58500000000001
226,2024,12,Silverstone,15.77074829931973,0,ALO,Aston Martin,10.0,8.0,91.264,86.73,86.917
227,2024,12,Silverstone,15.77074829931973,0,ALB,Williams,9.0,9.0,91.135,86.93299999999999,86.64
228,2024,12,Silverstone,15.77074829931973,0,TSU,RB,13.0,10.0,90.994,87.269,1000.0
229,2024,12,Silverstone,15.77074829931973,0,SAR,Williams,12.0,11.0,91.608,87.175,1000.0
230,2024,12,Silverstone,15.77074829931973,0,MAG,Haas F1 Team,17.0,12.0,92.905,1000.0,1000.0
231,2024,12,Silverstone,15.77074829931973,0,RIC,RB,15.0,13.0,91.291,87.949,1000.0
232,2024,12,Silverstone,15.77074829931973,0,LEC,Ferrari,11.0,14.0,90.496,87.09700000000001,1000.0
233,2024,12,Silverstone,15.77074829931973,0,BOT,Kick Sauber,16.0,15.0,92.431,1000.0,1000.0
234,2024,12,Silverstone,15.77074829931973,0,OCO,Alpine,18.0,16.0,94.557,1000.0,1000.0
235,2024,12,Silverstone,15.77074829931973,0,PER,Red Bull Racing,0.0,17.0,98.348,1000.0,1000.0
236,2024,12,Silverstone,15.77074829931973,0,ZHO,Kick Sauber,14.0,18.0,91.19,87.867,1000.0
237,2024,12,Silverstone,15.77074829931973,0,RUS,Mercedes,1.0,19.0,90.106,86.723,85.819
238,2024,12,Silverstone,15.77074829931973,0,GAS,Alpine,19.0,20.0,99.804,1000.0,1000.0
239,2024,13,Budapest,28.82387096774194,0,PIA,McLaren,2.0,1.0,77.504,75.785,75.249
240,2024,13,Budapest,28.82387096774194,0,NOR,McLaren,1.0,2.0,77.755,75.53999999999999,75.227
241,2024,13,Budapest,28.82387096774194,0,HAM,Mercedes,5.0,3.0,77.087,76.307,75.854
242,2024,13,Budapest,28.82387096774194,0,LEC,Ferrari,6.0,4.0,77.437,75.891,75.905
243,2024,13,Budapest,28.82387096774194,0,VER,Red Bull Racing,3.0,5.0,77.087,75.77,75.273
244,2024,13,Budapest,28.82387096774194,0,SAI,Ferrari,4.0,6.0,77.244,75.885,75.696
245,2024,13,Budapest,28.82387096774194,0,PER,Red Bull Racing,16.0,7.0,77.886,1000.0,1000.0
246,2024,13,Budapest,28.82387096774194,0,RUS,Mercedes,17.0,8.0,77.968,1000.0,1000.0
247,2024,13,Budapest,28.82387096774194,0,TSU,RB,10.0,9.0,77.436,76.121,76.477
248,2024,13,Budapest,28.82387096774194,0,STR,Aston Martin,8.0,10.0,77.405,76.075,76.244
249,2024,13,Budapest,28.82387096774194,0,ALO,Aston Martin,7.0,11.0,77.624,76.117,76.043
250,2024,13,Budapest,28.82387096774194,0,RIC,RB,9.0,12.0,77.05,76.202,76.447
251,2024,13,Budapest,28.82387096774194,0,HUL,Haas F1 Team,11.0,13.0,77.362,76.31700000000001,1000.0
252,2024,13,Budapest,28.82387096774194,0,ALB,Williams,13.0,14.0,77.28,76.429,1000.0
253,2024,13,Budapest,28.82387096774194,0,MAG,Haas F1 Team,15.0,15.0,77.851,76.548,1000.0
254,2024,13,Budapest,28.82387096774194,0,BOT,Kick Sauber,12.0,16.0,77.487,76.384,1000.0
255,2024,13,Budapest,28.82387096774194,0,SAR,Williams,14.0,17.0,77.77,76.543,1000.0
256,2024,13,Budapest,28.82387096774194,0,OCO,Alpine,19.0,18.0,78.049,1000.0,1000.0
257,2024,13,Budapest,28.82387096774194,0,ZHO,Kick Sauber,18.0,19.0,78.037,1000.0,1000.0
258,2024,13,Budapest,28.82387096774194,0,GAS,Alpine,0.0,20.0,78.166,1000.0,1000.0
259,2024,14,Spa-Francorchamps,21.32846715328467,0,HAM,Mercedes,3.0,1.0,115.69200000000001,114.037,113.83500000000001
260,2024,14,Spa-Francorchamps,21.32846715328467,0,PIA,McLaren,5.0,2.0,114.83500000000001,114.136,114.027
261,2024,14,Spa-Francorchamps,21.32846715328467,0,LEC,Ferrari,1.0,3.0,115.34899999999999,114.193,113.75399999999999
262,2024,14,Spa-Francorchamps,21.32846715328467,0,VER,Red Bull Racing,11.0,4.0,114.938,113.837,113.15899999999999
263,2024,14,Spa-Francorchamps,21.32846715328467,0,NOR,McLaren,4.0,5.0,115.582,114.358,113.981
264,2024,14,Spa-Francorchamps,21.32846715328467,0,SAI,Ferrari,7.0,6.0,115.169,114.112,114.477
265,2024,14,Spa-Francorchamps,21.32846715328467,0,PER,Red Bull Racing,2.0,7.0,115.13900000000001,114.47,113.765
266,2024,14,Spa-Francorchamps,21.32846715328467,0,ALO,Aston Martin,8.0,8.0,115.489,114.25800000000001,114.765
267,2024,14,Spa-Francorchamps,21.32846715328467,0,OCO,Alpine,9.0,9.0,115.417,114.46000000000001,114.81
268,2024,14,Spa-Francorchamps,21.32846715328467,0,RIC,RB,13.0,10.0,115.451,114.682,1000.0
269,2024,14,Spa-Francorchamps,21.32846715328467,0,STR,Aston Martin,15.0,11.0,116.072,115.71600000000001,1000.0
270,2024,14,Spa-Francorchamps,21.32846715328467,0,ALB,Williams,10.0,12.0,115.72200000000001,114.473,1000.0
271,2024,14,Spa-Francorchamps,21.32846715328467,0,GAS,Alpine,12.0,13.0,114.911,114.63499999999999,1000.0
272,2024,14,Spa-Francorchamps,21.32846715328467,0,MAG,Haas F1 Team,17.0,14.0,116.5,1000.0,1000.0
273,2024,14,Spa-Francorchamps,21.32846715328467,0,BOT,Kick Sauber,14.0,15.0,115.531,114.76400000000001,1000.0
274,2024,14,Spa-Francorchamps,21.32846715328467,0,TSU,RB,20.0,16.0,116.593,1000.0,1000.0
275,2024,14,Spa-Francorchamps,21.32846715328467,0,SAR,Williams,18.0,17.0,117.22999999999999,1000.0,1000.0
276,2024,14,Spa-Francorchamps,21.32846715328467,0,HUL,Haas F1 Team,16.0,18.0,116.30799999999999,1000.0,1000.0
277,2024,14,Spa-Francorchamps,21.32846715328467,0,ZHO,Kick Sauber,19.0,19.0,117.775,1000.0,1000.0
278,2024,14,Spa-Francorchamps,21.32846715328467,0,RUS,Mercedes,6.0,20.0,115.35300000000001,114.095,114.184
279,2024,15,Zandvoort,19.00588235294118,0,NOR,McLaren,1.0,1.0,71.377,70.496,69.673
280,2024,15,Zandvoort,19.00588235294118,0,VER,Red Bull Racing,2.0,2.0,71.393,70.811,70.029
281,2024,15,Zandvoort,19.00588235294118,0,LEC,Ferrari,6.0,3.0,71.37,70.689,70.582
282,2024,15,Zandvoort,19.00588235294118,0,PIA,McLaren,3.0,4.0,71.541,70.505,70.172
283,2024,15,Zandvoort,19.00588235294118,0,SAI,Ferrari,10.0,5.0,71.327,70.914,1000.0
284,2024,15,Zandvoort,19.00588235294118,0,PER,Red Bull Racing,5.0,6.0,71.006,70.678,70.416
285,2024,15,Zandvoort,19.00588235294118,0,RUS,Mercedes,4.0,7.0,71.049,70.55199999999999,70.244
286,2024,15,Zandvoort,19.00588235294118,0,HAM,Mercedes,14.0,8.0,71.375,70.94800000000001,1000.0
287,2024,15,Zandvoort,19.00588235294118,0,GAS,Alpine,9.0,9.0,71.718,70.815,70.977
288,2024,15,Zandvoort,19.00588235294118,0,ALO,Aston Martin,7.0,10.0,71.493,70.845,70.633
289,2024,15,Zandvoort,19.00588235294118,0,HUL,Haas F1 Team,12.0,11.0,71.832,71.215,1000.0
290,2024,15,Zandvoort,19.00588235294118,0,RIC,RB,13.0,12.0,71.943,1000.0,1000.0
291,2024,15,Zandvoort,19.00588235294118,0,STR,Aston Martin,8.0,13.0,71.518,70.661,70.857
292,2024,15,Zandvoort,19.00588235294118,0,ALB,Williams,19.0,14.0,1000.0,1000.0,1000.0
293,2024,15,Zandvoort,19.00588235294118,0,OCO,Alpine,15.0,15.0,71.995,1000.0,1000.0
294,2024,15,Zandvoort,19.00588235294118,0,SAR,Williams,18.0,16.0,1000.0,1000.0,1000.0
295,2024,15,Zandvoort,19.00588235294118,0,TSU,RB,11.0,17.0,71.603,70.955,1000.0
296,2024,15,Zandvoort,19.00588235294118,0,MAG,Haas F1 Team,0.0,18.0,71.63,71.295,1000.0
297,2024,15,Zandvoort,19.00588235294118,0,BOT,Kick Sauber,16.0,19.0,72.168,1000.0,1000.0
298,2024,15,Zandvoort,19.00588235294118,0,ZHO,Kick Sauber,17.0,20.0,73.261,1000.0,1000.0
299,2024,16,Monza,33.1015037593985,0,LEC,Ferrari,4.0,1.0,80.074,80.007,79.461
300,2024,16,Monza,33.1015037593985,0,PIA,McLaren,2.0,2.0,80.076,79.80799999999999,79.436
301,2024,16,Monza,33.1015037593985,0,NOR,McLaren,1.0,3.0,79.911,79.727,79.327
302,2024,16,Monza,33.1015037593985,0,SAI,Ferrari,5.0,4.0,80.149,79.799,79.467
303,2024,16,Monza,33.1015037593985,0,HAM,Mercedes,6.0,5.0,80.477,79.64099999999999,79.513
304,2024,16,Monza,33.1015037593985,0,VER,Red Bull Racing,7.0,6.0,80.226,79.662,80.02199999999999
305,2024,16,Monza,33.1015037593985,0,RUS,Mercedes,3.0,7.0,80.169,79.877,79.44
306,2024,16,Monza,33.1015037593985,0,PER,Red Bull Racing,8.0,8.0,80.598,80.21600000000001,80.062
307,2024,16,Monza,33.1015037593985,0,ALB,Williams,9.0,9.0,80.542,80.314,80.299
308,2024,16,Monza,33.1015037593985,0,MAG,Haas F1 Team,13.0,10.0,80.856,80.69800000000001,1000.0
309,2024,16,Monza,33.1015037593985,0,ALO,Aston Martin,11.0,11.0,80.617,80.42099999999999,1000.0
310,2024,16,Monza,33.1015037593985,0,COL,Williams,18.0,12.0,81.061,1000.0,1000.0
311,2024,16,Monza,33.1015037593985,0,RIC,RB,12.0,13.0,80.901,80.479,1000.0
312,2024,16,Monza,33.1015037593985,0,OCO,Alpine,15.0,14.0,80.764,80.76599999999999,1000.0
313,2024,16,Monza,33.1015037593985,0,GAS,Alpine,14.0,15.0,80.748,80.738,1000.0
314,2024,16,Monza,33.1015037593985,0,BOT,Kick Sauber,19.0,16.0,81.101,1000.0,1000.0
315,2024,16,Monza,33.1015037593985,0,HUL,Haas F1 Team,10.0,17.0,80.781,80.411,80.339
316,2024,16,Monza,33.1015037593985,0,ZHO,Kick Sauber,20.0,18.0,81.445,1000.0,1000.0
317,2024,16,Monza,33.1015037593985,0,STR,Aston Martin,17.0,19.0,81.013,1000.0,1000.0
318,2024,16,Monza,33.1015037593985,0,TSU,RB,16.0,20.0,80.945,1000.0,1000.0
319,2024,17,Baku,26.70592105263158,0,PIA,McLaren,2.0,1.0,103.033,102.598,101.686
320,2024,17,Baku,26.70592105263158,0,LEC,Ferrari,1.0,2.0,102.775,102.056,101.36500000000001
321,2024,17,Baku,26.70592105263158,0,RUS,Mercedes,5.0,3.0,103.13900000000001,102.32900000000001,101.874
322,2024,17,Baku,26.70592105263158,0,NOR,McLaren,15.0,4.0,103.60900000000001,1000.0,1000.0
323,2024,17,Baku,26.70592105263158,0,VER,Red Bull Racing,6.0,5.0,103.09700000000001,102.042,102.023
324,2024,17,Baku,26.70592105263158,0,ALO,Aston Martin,7.0,6.0,103.47200000000001,102.426,102.369
325,2024,17,Baku,26.70592105263158,0,ALB,Williams,9.0,7.0,102.899,102.84,102.85900000000001
326,2024,17,Baku,26.70592105263158,0,COL,Williams,8.0,8.0,103.138,102.473,102.53
327,2024,17,Baku,26.70592105263158,0,HAM,Mercedes,0.0,9.0,103.089,102.765,102.289
328,2024,17,Baku,26.70592105263158,0,BEA,Haas F1 Team,10.0,10.0,103.471,102.968,1000.0
329,2024,17,Baku,26.70592105263158,0,HUL,Haas F1 Team,12.0,11.0,103.101,103.191,1000.0
330,2024,17,Baku,26.70592105263158,0,GAS,Alpine,18.0,12.0,103.088,103.179,1000.0
331,2024,17,Baku,26.70592105263158,0,RIC,RB,14.0,13.0,103.547,1000.0,1000.0
332,2024,17,Baku,26.70592105263158,0,ZHO,Kick Sauber,17.0,14.0,104.24600000000001,1000.0,1000.0
333,2024,17,Baku,26.70592105263158,0,OCO,Alpine,0.0,15.0,104.50399999999999,1000.0,1000.0
334,2024,17,Baku,26.70592105263158,0,BOT,Kick Sauber,16.0,16.0,103.618,1000.0,1000.0
335,2024,17,Baku,26.70592105263158,0,PER,Red Bull Racing,4.0,17.0,103.213,102.263,101.813
336,2024,17,Baku,26.70592105263158,0,SAI,Ferrari,3.0,18.0,103.357,102.503,101.805
337,2024,17,Baku,26.70592105263158,0,STR,Aston Martin,13.0,19.0,103.37,103.404,1000.0
338,2024,17,Baku,26.70592105263158,0,TSU,RB,11.0,20.0,103.337,103.035,1000.0
339,2024,18,Marina Bay,30.786250000000003,0,NOR,McLaren,1.0,1.0,90.002,90.007,89.525
340,2024,18,Marina Bay,30.786250000000003,0,VER,Red Bull Racing,2.0,2.0,90.157,89.68,89.72800000000001
341,2024,18,Marina Bay,30.786250000000003,0,PIA,McLaren,5.0,3.0,90.258,89.64,89.953
342,2024,18,Marina Bay,30.786250000000003,0,RUS,Mercedes,4.0,4.0,90.811,90.15299999999999,89.867
343,2024,18,Marina Bay,30.786250000000003,0,LEC,Ferrari,9.0,5.0,90.786,89.747,1000.0
344,2024,18,Marina Bay,30.786250000000003,0,HAM,Mercedes,3.0,6.0,90.393,89.929,89.84100000000001
345,2024,18,Marina Bay,30.786250000000003,0,SAI,Ferrari,10.0,7.0,90.67,90.108,1000.0
346,2024,18,Marina Bay,30.786250000000003,0,ALO,Aston Martin,7.0,8.0,90.684,90.45,90.214
347,2024,18,Marina Bay,30.786250000000003,0,HUL,Haas F1 Team,6.0,9.0,90.724,90.15,90.115
348,2024,18,Marina Bay,30.786250000000003,0,PER,Red Bull Racing,13.0,10.0,90.624,90.57900000000001,1000.0
349,2024,18,Marina Bay,30.786250000000003,0,COL,Williams,12.0,11.0,90.70400000000001,90.481,1000.0
350,2024,18,Marina Bay,30.786250000000003,0,TSU,RB,8.0,12.0,90.71000000000001,90.289,90.354
351,2024,18,Marina Bay,30.786250000000003,0,OCO,Alpine,15.0,13.0,90.958,90.769,1000.0
352,2024,18,Marina Bay,30.786250000000003,0,STR,Aston Martin,17.0,14.0,91.094,1000.0,1000.0
353,2024,18,Marina Bay,30.786250000000003,0,ZHO,Kick Sauber,20.0,15.0,92.054,1000.0,1000.0
354,2024,18,Marina Bay,30.786250000000003,0,BOT,Kick Sauber,19.0,16.0,91.572,1000.0,1000.0
355,2024,18,Marina Bay,30.786250000000003,0,GAS,Alpine,18.0,17.0,91.312,1000.0,1000.0
356,2024,18,Marina Bay,30.786250000000003,0,RIC,RB,16.0,18.0,91.08500000000001,1000.0,1000.0
357,2024,18,Marina Bay,30.786250000000003,0,MAG,Haas F1 Team,14.0,19.0,90.82900000000001,90.65299999999999,1000.0
358,2024,18,Marina Bay,30.786250000000003,0,ALB,Williams,11.0,20.0,90.679,90.474,1000.0
359,2024,19,Austin,28.12129032258064,0,LEC,Ferrari,4.0,1.0,93.241,92.962,92.74000000000001
360,2024,19,Austin,28.12129032258064,0,SAI,Ferrari,3.0,2.0,93.556,92.836,92.652
361,2024,19,Austin,28.12129032258064,0,VER,Red Bull Racing,2.0,3.0,93.04599999999999,92.584,92.36099999999999
362,2024,19,Austin,28.12129032258064,0,NOR,McLaren,1.0,4.0,93.616,92.851,92.33
363,2024,19,Austin,28.12129032258064,0,PIA,McLaren,5.0,5.0,93.864,93.057,92.95
364,2024,19,Austin,28.12129032258064,0,RUS,Mercedes,20.0,6.0,93.536,93.142,92.97399999999999
365,2024,19,Austin,28.12129032258064,0,PER,Red Bull Racing,9.0,7.0,93.61099999999999,93.02000000000001,1000.0
366,2024,19,Austin,28.12129032258064,0,HUL,Haas F1 Team,11.0,8.0,93.601,93.544,1000.0
367,2024,19,Austin,28.12129032258064,0,LAW,RB,19.0,9.0,93.339,1000.0,1000.0
368,2024,19,Austin,28.12129032258064,0,COL,Williams,15.0,10.0,94.062,1000.0,1000.0
369,2024,19,Austin,28.12129032258064,0,MAG,Haas F1 Team,8.0,11.0,93.564,93.47399999999999,93.481
370,2024,19,Austin,28.12129032258064,0,GAS,Alpine,6.0,12.0,93.55,93.162,93.018
371,2024,19,Austin,28.12129032258064,0,ALO,Aston Martin,7.0,13.0,93.973,93.429,93.309
372,2024,19,Austin,28.12129032258064,0,TSU,RB,10.0,14.0,93.795,93.506,1000.0
373,2024,19,Austin,28.12129032258064,0,STR,Aston Martin,13.0,15.0,94.033,93.759,1000.0
374,2024,19,Austin,28.12129032258064,0,ALB,Williams,14.0,16.0,94.051,1000.0,1000.0
375,2024,19,Austin,28.12129032258064,0,BOT,Kick Sauber,16.0,17.0,94.152,1000.0,1000.0
376,2024,19,Austin,28.12129032258064,0,OCO,Alpine,12.0,18.0,93.98599999999999,93.59700000000001,1000.0
377,2024,19,Austin,28.12129032258064,0,ZHO,Kick Sauber,18.0,19.0,94.22800000000001,1000.0,1000.0
378,2024,19,Austin,28.12129032258064,0,HAM,Mercedes,17.0,20.0,94.154,1000.0,1000.0
379,2024,20,Mexico City,19.88867924528302,0,SAI,Ferrari,1.0,1.0,76.77799999999999,76.515,75.946
380,2024,20,Mexico City,19.88867924528302,0,NOR,McLaren,3.0,2.0,76.505,76.301,76.26
381,2024,20,Mexico City,19.88867924528302,0,LEC,Ferrari,4.0,3.0,76.97200000000001,76.64099999999999,76.265
382,2024,20,Mexico City,19.88867924528302,0,HAM,Mercedes,6.0,4.0,77.306,76.973,76.651
383,2024,20,Mexico City,19.88867924528302,0,RUS,Mercedes,5.0,5.0,77.194,76.937,76.356
384,2024,20,Mexico City,19.88867924528302,0,VER,Red Bull Racing,2.0,6.0,76.803,76.514,76.17099999999999
385,2024,20,Mexico City,19.88867924528302,0,MAG,Haas F1 Team,7.0,7.0,77.125,77.003,76.886
386,2024,20,Mexico City,19.88867924528302,0,PIA,McLaren,17.0,8.0,77.59700000000001,1000.0,1000.0
387,2024,20,Mexico City,19.88867924528302,0,HUL,Haas F1 Team,10.0,9.0,77.186,76.995,77.365
388,2024,20,Mexico City,19.88867924528302,0,GAS,Alpine,8.0,10.0,77.149,77.048,76.892
389,2024,20,Mexico City,19.88867924528302,0,STR,Aston Martin,14.0,11.0,77.407,77.294,1000.0
390,2024,20,Mexico City,19.88867924528302,0,COL,Williams,16.0,12.0,77.55799999999999,1000.0,1000.0
391,2024,20,Mexico City,19.88867924528302,0,OCO,Alpine,0.0,13.0,77.617,1000.0,1000.0
392,2024,20,Mexico City,19.88867924528302,0,BOT,Kick Sauber,15.0,14.0,77.393,77.81700000000001,1000.0
393,2024,20,Mexico City,19.88867924528302,0,ZHO,Kick Sauber,19.0,15.0,78.072,1000.0,1000.0
394,2024,20,Mexico City,19.88867924528302,0,LAW,RB,12.0,16.0,77.38,77.162,1000.0
395,2024,20,Mexico City,19.88867924528302,0,PER,Red Bull Racing,18.0,17.0,77.611,1000.0,1000.0
396,2024,20,Mexico City,19.88867924528302,0,ALO,Aston Martin,13.0,18.0,77.307,77.168,1000.0
397,2024,20,Mexico City,19.88867924528302,0,ALB,Williams,9.0,19.0,77.189,76.988,77.065
398,2024,20,Mexico City,19.88867924528302,0,TSU,RB,11.0,20.0,77.182,77.129,1000.0
399,2024,21,São Paulo,21.662686567164172,1,VER,Red Bull Racing,17.0,1.0,88.52199999999999,87.771,1000.0
400,2024,21,São Paulo,21.662686567164172,1,OCO,Alpine,4.0,2.0,89.17099999999999,86.206,84.475
401,2024,21,São Paulo,21.662686567164172,1,GAS,Alpine,13.0,3.0,89.42,89.614,1000.0
402,2024,21,São Paulo,21.662686567164172,1,RUS,Mercedes,2.0,4.0,89.121,86.307,83.578
403,2024,21,São Paulo,21.662686567164172,1,LEC,Ferrari,6.0,5.0,89.839,86.09700000000001,84.525
404,2024,21,São Paulo,21.662686567164172,1,NOR,McLaren,1.0,6.0,90.944,84.844,83.405
405,2024,21,São Paulo,21.662686567164172,1,TSU,RB,3.0,7.0,89.172,86.464,84.111
406,2024,21,São Paulo,21.662686567164172,1,PIA,McLaren,8.0,8.0,90.114,85.179,84.686
407,2024,21,São Paulo,21.662686567164172,1,LAW,RB,5.0,9.0,90.758,85.654,84.48400000000001
408,2024,21,São Paulo,21.662686567164172,1,HAM,Mercedes,14.0,10.0,91.15,1000.0,1000.0
409,2024,21,São Paulo,21.662686567164172,1,PER,Red Bull Racing,12.0,11.0,90.035,88.158,1000.0
410,2024,21,São Paulo,21.662686567164172,1,BEA,Haas F1 Team,15.0,12.0,91.229,1000.0,1000.0
411,2024,21,São Paulo,21.662686567164172,1,BOT,Kick Sauber,11.0,13.0,90.633,86.47200000000001,1000.0
412,2024,21,São Paulo,21.662686567164172,1,ALO,Aston Martin,9.0,14.0,90.207,85.035,88.998
413,2024,21,São Paulo,21.662686567164172,1,ZHO,Kick Sauber,19.0,15.0,92.263,1000.0,1000.0
414,2024,21,São Paulo,21.662686567164172,1,SAI,Ferrari,0.0,16.0,90.303,89.406,1000.0
415,2024,21,São Paulo,21.662686567164172,1,COL,Williams,16.0,17.0,91.27,1000.0,1000.0
416,2024,21,São Paulo,21.662686567164172,1,ALB,Williams,7.0,18.0,89.072,85.889,84.657
417,2024,21,São Paulo,21.662686567164172,1,STR,Aston Martin,10.0,19.0,90.58,86.334,1000.0
418,2024,21,São Paulo,21.662686567164172,1,HUL,Haas F1 Team,17.0,20.0,91.623,1000.0,1000.0
419,2024,22,Las Vegas,17.825174825174823,0,RUS,Mercedes,1.0,1.0,93.186,92.779,92.312
420,2024,22,Las Vegas,17.825174825174823,0,HAM,Mercedes,10.0,2.0,93.225,92.56700000000001,108.106
421,2024,22,Las Vegas,17.825174825174823,0,SAI,Ferrari,2.0,3.0,93.48400000000001,92.711,92.41
422,2024,22,Las Vegas,17.825174825174823,0,LEC,Ferrari,4.0,4.0,93.446,93.01599999999999,92.783
423,2024,22,Las Vegas,17.825174825174823,0,VER,Red Bull Racing,5.0,5.0,93.299,93.08500000000001,92.797
424,2024,22,Las Vegas,17.825174825174823,0,NOR,McLaren,6.0,6.0,93.592,93.09899999999999,93.00800000000001
425,2024,22,Las Vegas,17.825174825174823,0,PIA,McLaren,8.0,7.0,93.45,93.024,93.033
426,2024,22,Las Vegas,17.825174825174823,0,HUL,Haas F1 Team,9.0,8.0,93.92,93.114,93.062
427,2024,22,Las Vegas,17.825174825174823,0,TSU,RB,7.0,9.0,93.789,93.089,93.029
428,2024,22,Las Vegas,17.825174825174823,0,PER,Red Bull Racing,15.0,10.0,94.155,1000.0,1000.0
429,2024,22,Las Vegas,17.825174825174823,0,ALO,Aston Martin,16.0,11.0,94.25800000000001,1000.0,1000.0
430,2024,22,Las Vegas,17.825174825174823,0,MAG,Haas F1 Team,12.0,12.0,93.991,93.297,1000.0
431,2024,22,Las Vegas,17.825174825174823,0,ZHO,Kick Sauber,13.0,13.0,94.07900000000001,93.566,1000.0
432,2024,22,Las Vegas,17.825174825174823,0,COL,Williams,0.0,14.0,93.74600000000001,93.749,1000.0
433,2024,22,Las Vegas,17.825174825174823,0,STR,Aston Martin,18.0,15.0,94.48400000000001,1000.0,1000.0
434,2024,22,Las Vegas,17.825174825174823,0,LAW,RB,14.0,16.0,94.087,94.257,1000.0
435,2024,22,Las Vegas,17.825174825174823,0,OCO,Alpine,11.0,17.0,93.968,93.221,1000.0
436,2024,22,Las Vegas,17.825174825174823,0,BOT,Kick Sauber,19.0,18.0,94.43,1000.0,1000.0
437,2024,22,Las Vegas,17.825174825174823,0,ALB,Williams,17.0,19.0,94.425,1000.0,1000.0
438,2024,22,Las Vegas,17.825174825174823,0,GAS,Alpine,3.0,20.0,93.691,92.87899999999999,92.664
439,2024,23,Lusail,18.926490066225167,0,VER,Red Bull Racing,2.0,1.0,81.57900000000001,80.687,80.52
440,2024,23,Lusail,18.926490066225167,0,LEC,Ferrari,5.0,2.0,81.27799999999999,81.0,80.852
441,2024,23,Lusail,18.926490066225167,0,PIA,McLaren,4.0,3.0,81.821,81.121,80.82900000000001
442,2024,23,Lusail,18.926490066225167,0,RUS,Mercedes,1.0,4.0,81.241,81.069,80.575
443,2024,23,Lusail,18.926490066225167,0,GAS,Alpine,11.0,5.0,81.843,81.437,1000.0
444,2024,23,Lusail,18.926490066225167,0,SAI,Ferrari,7.0,6.0,81.447,81.199,81.041
445,2024,23,Lusail,18.926490066225167,0,ALO,Aston Martin,8.0,7.0,81.608,81.208,81.251
446,2024,23,Lusail,18.926490066225167,0,ZHO,Kick Sauber,12.0,8.0,82.10300000000001,81.501,1000.0
447,2024,23,Lusail,18.926490066225167,0,MAG,Haas F1 Team,10.0,9.0,81.89099999999999,81.387,81.5
448,2024,23,Lusail,18.926490066225167,0,NOR,McLaren,3.0,10.0,81.578,80.983,80.77199999999999
449,2024,23,Lusail,18.926490066225167,0,BOT,Kick Sauber,13.0,11.0,81.92699999999999,81.731,1000.0
450,2024,23,Lusail,18.926490066225167,0,HAM,Mercedes,6.0,12.0,81.637,81.095,81.011
451,2024,23,Lusail,18.926490066225167,0,TSU,RB,14.0,13.0,82.364,81.771,1000.0
452,2024,23,Lusail,18.926490066225167,0,LAW,RB,17.0,14.0,82.411,1000.0,1000.0
453,2024,23,Lusail,18.926490066225167,0,ALB,Williams,16.0,15.0,82.39,1000.0,1000.0
454,2024,23,Lusail,18.926490066225167,0,HUL,Haas F1 Team,18.0,16.0,82.44200000000001,1000.0,1000.0
455,2024,23,Lusail,18.926490066225167,0,PER,Red Bull Racing,9.0,17.0,81.675,81.425,81.425
456,2024,23,Lusail,18.926490066225167,0,STR,Aston Martin,15.0,18.0,82.011,81.911,1000.0
457,2024,23,Lusail,18.926490066225167,0,COL,Williams,19.0,19.0,82.594,1000.0,1000.0
458,2024,23,Lusail,18.926490066225167,0,OCO,Alpine,20.0,20.0,82.714,1000.0,1000.0
459,2024,24,Yas Island,26.76824324324324,0,NOR,McLaren,1.0,1.0,83.682,83.098,82.595
460,2024,24,Yas Island,26.76824324324324,0,SAI,Ferrari,3.0,2.0,83.487,82.985,82.824
461,2024,24,Yas Island,26.76824324324324,0,LEC,Ferrari,19.0,3.0,83.30199999999999,83.833,1000.0
462,2024,24,Yas Island,26.76824324324324,0,HAM,Mercedes,16.0,4.0,83.887,1000.0,1000.0
463,2024,24,Yas Island,26.76824324324324,0,RUS,Mercedes,6.0,5.0,83.678,83.283,83.132
464,2024,24,Yas Island,26.76824324324324,0,VER,Red Bull Racing,4.0,6.0,83.51599999999999,82.998,82.945
465,2024,24,Yas Island,26.76824324324324,0,GAS,Alpine,5.0,7.0,83.548,83.086,82.98400000000001
466,2024,24,Yas Island,26.76824324324324,0,HUL,Haas F1 Team,7.0,8.0,83.72200000000001,83.03999999999999,82.886
467,2024,24,Yas Island,26.76824324324324,0,ALO,Aston Martin,8.0,9.0,83.794,83.268,83.196
468,2024,24,Yas Island,26.76824324324324,0,PIA,McLaren,2.0,10.0,83.64,83.199,82.804
469,2024,24,Yas Island,26.76824324324324,0,ALB,Williams,18.0,11.0,83.821,1000.0,1000.0
470,2024,24,Yas Island,26.76824324324324,0,TSU,RB,11.0,12.0,83.735,83.419,1000.0
471,2024,24,Yas Island,26.76824324324324,0,ZHO,Kick Sauber,15.0,13.0,83.88,1000.0,1000.0
472,2024,24,Yas Island,26.76824324324324,0,STR,Aston Martin,13.0,14.0,83.729,83.78399999999999,1000.0
473,2024,24,Yas Island,26.76824324324324,0,DOO,Alpine,17.0,15.0,84.105,1000.0,1000.0
474,2024,24,Yas Island,26.76824324324324,0,MAG,Haas F1 Team,14.0,16.0,83.632,83.877,1000.0
475,2024,24,Yas Island,26.76824324324324,0,LAW,RB,12.0,17.0,83.733,83.47200000000001,1000.0
476,2024,24,Yas Island,26.76824324324324,0,BOT,Kick Sauber,9.0,18.0,83.481,83.34100000000001,83.20400000000001
477,2024,24,Yas Island,26.76824324324324,0,COL,Williams,20.0,19.0,83.912,1000.0,1000.0
478,2024,24,Yas Island,26.76824324324324,0,PER,Red Bull Racing,10.0,20.0,83.559,83.379,83.264
